frame,tracker_id,vehicle_class,speed,acceleration,distance_to_nearest,direction_change,avg_traffic_speed,relative_speed
1,1,car,0,0.0,131.27,0.0,0.0,0.0
1,2,car,0,0.0,131.27,0.0,0.0,0.0
1,3,car,0,0.0,506.37,0.0,0.0,0.0
1,4,car,0,0.0,56.14,0.0,0.0,0.0
1,5,car,0,0.0,222.15,0.0,0.0,0.0
1,6,car,0,0.0,56.14,0.0,0.0,0.0
1,7,car,0,0.0,38.72,0.0,0.0,0.0
1,8,car,0,0.0,20.02,0.0,0.0,0.0
1,9,car,0,0.0,23.93,0.0,0.0,0.0
1,10,car,0,0.0,27.75,0.0,0.0,0.0
1,11,bus,0,0.0,1.03,0.0,0.0,0.0
1,12,truck,0,0.0,1.03,0.0,0.0,0.0
1,13,car,0,0.0,26.68,0.0,0.0,0.0
1,14,truck,0,0.0,31.66,0.0,0.0,0.0
1,15,car,0,0.0,20.02,0.0,0.0,0.0
1,16,car,0,0.0,23.93,0.0,0.0,0.0
1,17,car,0,0.0,31.66,0.0,0.0,0.0
1,18,car,0,0.0,30.61,0.0,0.0,0.0
1,19,car,0,0.0,30.61,0.0,0.0,0.0
1,20,truck,0,0.0,31.43,0.0,0.0,0.0
1,21,car,0,0.0,30.84,0.0,0.0,0.0
2,2,car,0,0.0,128.16,0.0,0.0,0.0
2,5,car,0,0.0,218.82,0.0,0.0,0.0
2,4,car,0,0.0,57.65,0.0,0.0,0.0
2,3,car,0,0.0,517.15,0.0,0.0,0.0
2,6,car,0,0.0,57.65,0.0,0.0,0.0
2,7,car,0,0.0,38.44,0.0,0.0,0.0
2,8,car,0,0.0,20.05,0.0,0.0,0.0
2,1,car,0,0.0,128.16,0.0,0.0,0.0
2,9,car,0,0.0,23.79,0.0,0.0,0.0
2,10,car,0,0.0,27.52,0.0,0.0,0.0
2,11,bus,0,0.0,0.67,0.0,0.0,0.0
2,12,truck,0,0.0,0.67,0.0,0.0,0.0
2,13,car,0,0.0,25.95,0.0,0.0,0.0
2,16,car,0,0.0,23.79,0.0,0.0,0.0
2,15,car,0,0.0,20.05,0.0,0.0,0.0
2,17,car,0,0.0,31.68,0.0,0.0,0.0
2,18,car,0,0.0,30.25,0.0,0.0,0.0
2,14,truck,0,0.0,31.68,0.0,0.0,0.0
2,20,truck,0,0.0,32.73,0.0,0.0,0.0
2,19,car,0,0.0,30.25,0.0,0.0,0.0
2,21,car,0,0.0,32.08,0.0,0.0,0.0
3,5,car,0,0,216.13,2.64,0.0,0.0
3,2,car,0,0,125.01,2.04,0.0,0.0
3,1,car,0,0,125.01,3.35,0.0,0.0
3,4,car,0,0,59.36,10.63,0.0,0.0
3,6,car,0,0,59.36,2.59,0.0,0.0
3,8,car,0,0,20.61,64.28,0.0,0.0
3,7,car,0,0,37.99,10.53,0.0,0.0
3,9,car,0,0,23.7,4.99,0.0,0.0
3,11,bus,0,0,0.82,12.58,0.0,0.0
3,10,car,0,0,27.63,121.37,0.0,0.0
3,3,car,0,0,524.56,14.15,0.0,0.0
3,15,car,0,0,20.61,17.7,0.0,0.0
3,16,car,0,0,23.7,12.04,0.0,0.0
3,13,car,0,0,26.41,86.3,0.0,0.0
3,12,truck,0,0,0.82,9.81,0.0,0.0
3,20,truck,0,0,32.43,19.97,0.0,0.0
3,14,truck,0,0,31.0,1.53,0.0,0.0
3,19,car,0,0,29.92,2.94,0.0,0.0
3,18,car,0,0,29.92,0.0,0.0,0.0
3,17,car,0,0,31.0,23.41,0.0,0.0
3,21,car,0,0,32.23,133.55,0.0,0.0
4,1,car,0,0,122.14,3.64,0.0,0.0
4,5,car,0,0,213.24,5.52,0.0,0.0
4,2,car,0,0,122.14,5.3,0.0,0.0
4,4,car,0,0,60.4,9.61,0.0,0.0
4,6,car,0,0,60.4,25.94,0.0,0.0
4,7,car,0,0,37.65,2.89,0.0,0.0
4,8,car,0,0,20.74,18.43,0.0,0.0
4,9,car,0,0,23.58,91.74,0.0,0.0
4,10,car,0,0,28.43,58.34,0.0,0.0
4,11,bus,0,0,267.18,25.94,0.0,0.0
4,13,car,0,0,26.03,113.1,0.0,0.0
4,16,car,0,0,23.58,62.48,0.0,0.0
4,15,car,0,0,20.74,77.64,0.0,0.0
4,14,truck,0,0,30.91,2.77,0.0,0.0
4,20,truck,0,0,32.92,25.95,0.0,0.0
4,19,car,0,0,29.84,23.91,0.0,0.0
4,18,car,0,0,29.84,116.12,0.0,0.0
4,17,car,0,0,30.91,7.73,0.0,0.0
4,21,car,0,0,31.81,22.5,0.0,0.0
5,2,car,0,0,119.09,9.95,0.0,0.0
5,4,car,0,0,61.8,13.6,0.0,0.0
5,6,car,0,0,61.8,10.44,0.0,0.0
5,1,car,0,0,119.09,8.45,0.0,0.0
5,7,car,0,0,36.92,24.95,0.0,0.0
5,5,car,0,0,208.36,5.3,0.0,0.0
5,8,car,0,0,21.11,32.08,0.0,0.0
5,10,car,0,0,29.38,49.26,0.0,0.0
5,9,car,0,0,23.9,71.52,0.0,0.0
5,11,bus,0,0,267.73,39.46,0.0,0.0
5,16,car,0,0,23.9,8.49,0.0,0.0
5,15,car,0,0,21.11,58.59,0.0,0.0
5,13,car,0,0,25.7,144.78,0.0,0.0
5,14,truck,0,0,27.72,22.09,0.0,0.0
5,19,car,0,0,24.63,26.33,0.0,0.0
5,18,car,0,0,22.1,143.91,0.0,0.0
5,24,truck,0,0.0,25.02,0.0,0.0,0.0
5,21,car,0,0,31.94,1.24,0.0,0.0
5,17,car,0,0,25.02,28.46,0.0,0.0
5,23,car,0,0.0,22.1,0.0,0.0,0.0
5,20,truck,0,0,32.12,86.68,0.0,0.0
6,2,car,0,0,116.6,4.44,0.0,0.0
6,4,car,0,0,63.57,12.95,0.0,0.0
6,7,car,0,0,37.29,17.57,0.0,0.0
6,6,car,0,0,63.57,10.64,0.0,0.0
6,5,car,0,0,207.5,5.45,0.0,0.0
6,10,car,0,0,30.57,9.3,0.0,0.0
6,8,car,0,0,21.12,55.53,0.0,0.0
6,1,car,0,0,116.6,1.31,0.0,0.0
6,9,car,0,0,23.97,9.1,0.0,0.0
6,11,bus,0,0,0.29,56.91,0.0,0.0
6,15,car,0,0,21.12,23.54,0.0,0.0
6,16,car,0,0,23.97,38.12,0.0,0.0
6,14,truck,0,0,26.81,21.16,0.0,0.0
6,13,car,0,0,25.45,1.33,0.0,0.0
6,25,bus,0,0.0,0.29,0.0,0.0,0.0
6,19,car,0,0,25.3,95.72,0.0,0.0
6,18,car,0,0,23.51,64.21,0.0,0.0
6,20,truck,0,0,31.98,146.37,0.0,0.0
6,24,truck,0,0.0,24.61,0.0,0.0,0.0
6,21,car,0,0,32.34,42.63,0.0,0.0
6,17,car,0,0,24.61,80.11,0.0,0.0
6,23,car,0,0.0,23.51,0.0,0.0,0.0
7,2,car,0,0,113.4,13.36,0.0,0.0
7,4,car,0,0,64.41,3.39,0.0,0.0
7,1,car,0,0,113.4,6.51,0.0,0.0
7,7,car,0,0,37.68,43.1,0.0,0.0
7,11,bus,0,0,0.49,38.14,0.0,0.0
7,6,car,0,0,64.41,21.92,0.0,0.0
7,5,car,0,0,204.84,11.08,0.0,0.0
7,10,car,0,0,29.4,112.96,0.0,0.0
7,8,car,0,0,21.41,29.35,0.0,0.0
7,9,car,0,0,24.4,37.23,0.0,0.0
7,14,truck,0,0,26.19,18.6,0.0,0.0
7,16,car,0,0,24.4,3.19,0.0,0.0
7,13,car,0,0,26.2,72.13,0.0,0.0
7,15,car,0,0,21.41,49.53,0.0,0.0
7,19,car,0,0,26.44,153.14,0.0,0.0
7,20,truck,0,0,31.23,84.93,0.0,0.0
7,25,bus,0,0.0,0.49,0.0,0.0,0.0
7,24,truck,0,0,24.31,68.04,0.0,0.0
7,23,car,0,0,24.97,36.12,0.0,0.0
7,21,car,0,0,32.9,68.35,0.0,0.0
7,18,car,0,0,24.97,11.11,0.0,0.0
7,17,car,0,0,24.31,47.69,0.0,0.0
8,2,car,0,0,110.65,32.22,0.0,0.0
8,4,car,0,0,65.82,3.31,0.0,0.0
8,5,car,0,0,200.7,3.23,0.0,0.0
8,6,car,0,0,65.82,18.07,0.0,0.0
8,7,car,0,0,38.12,35.17,0.0,0.0
8,11,bus,0,0,272.55,14.7,0.0,0.0
8,10,car,0,0,30.57,120.74,0.0,0.0
8,9,car,0,0,23.81,78.71,0.0,0.0
8,8,car,0,0,22.18,23.1,0.0,0.0
8,14,truck,0,0,26.04,6.02,0.0,0.0
8,16,car,0,0,23.81,40.49,0.0,0.0
8,13,car,0,0,25.83,54.59,0.0,0.0
8,19,car,0,0,26.72,30.01,0.0,0.0
8,1,car,0,0,110.65,15.12,0.0,0.0
8,15,car,0,0,22.18,51.94,0.0,0.0
8,20,truck,0,0,32.13,86.8,0.0,0.0
8,23,car,0,0,26.72,16.66,0.0,0.0
8,21,car,0,0,32.12,139.68,0.0,0.0
8,18,car,0,0,27.15,29.09,0.0,0.0
8,24,truck,0,0,23.41,14.91,0.0,0.0
8,17,car,0,0,23.41,28.48,0.0,0.0
9,5,car,0,0,198.38,16.95,0.0,0.0
9,4,car,0,0,67.84,1.88,0.0,0.0
9,2,car,0,0,110.37,1.71,0.0,0.0
9,6,car,0,0,67.84,6.02,0.0,0.0
9,7,car,0,0,47.05,4.37,0.0,0.0
9,8,car,0,0,21.76,8.15,0.0,0.0
9,10,car,0,0,30.72,42.43,0.0,0.0
9,9,car,0,0,23.95,33.78,0.0,0.0
9,13,car,0,0,26.05,54.68,0.0,0.0
9,14,truck,0,0,26.8,75.95,0.0,0.0
9,1,car,0,0,110.37,18.14,0.0,0.0
9,11,bus,0,0,275.76,20.08,0.0,0.0
9,16,car,0,0,23.95,89.62,0.0,0.0
9,15,car,0,0,21.76,18.14,0.0,0.0
9,28,van,0,0.0,573.0,0.0,0.0,0.0
9,19,car,0,0,26.84,0.0,0.0,0.0
9,18,car,0,0,27.59,48.02,0.0,0.0
9,23,car,0,0,26.84,50.56,0.0,0.0
9,20,truck,0,0,33.53,8.4,0.0,0.0
9,21,car,0,0,32.14,6.73,0.0,0.0
9,24,truck,0,0,26.8,9.5,0.0,0.0
10,11,bus,0,0,277.66,23.67,0.0,0.0
10,1,car,0,0,108.9,7.21,0.0,0.0
10,4,car,0,0,69.81,0.69,0.0,0.0
10,2,car,0,0,108.9,11.61,0.0,0.0
10,7,car,0,0,38.06,7.06,0.0,0.0
10,6,car,0,0,69.02,36.21,0.0,0.0
10,5,car,0,0,195.58,8.32,0.0,0.0
10,8,car,0,0,21.96,42.02,0.0,0.0
10,10,car,0,0,31.07,1.96,0.0,0.0
10,9,car,0,0,24.12,18.78,0.0,0.0
10,13,car,0,0,26.15,19.96,0.0,0.0
10,14,truck,0,0,26.59,150.16,0.0,0.0
10,16,car,0,0,24.12,27.24,0.0,0.0
10,19,car,0,0,27.25,0.0,0.0,0.0
10,18,car,0,0,28.24,84.51,0.0,0.0
10,15,car,0,0,21.96,67.15,0.0,0.0
10,23,car,0,0,27.25,29.77,0.0,0.0
10,20,truck,0,0,33.64,19.77,0.0,0.0
10,28,van,0,0.0,559.39,0.0,0.0,0.0
10,21,car,0,0,32.52,78.6,0.0,0.0
10,24,truck,0,0,22.51,28.86,0.0,0.0
10,17,car,0,0,22.51,40.37,0.0,0.0
11,11,bus,0,0,279.61,2.07,0.0,0.0
11,4,car,0,0,71.28,5.73,0.0,0.0
11,1,car,0,0,105.99,1.45,0.0,0.0
11,2,car,0,0,105.99,19.85,0.0,0.0
11,7,car,0,0,37.27,11.61,0.0,0.0
11,6,car,0,0,69.42,32.09,0.0,0.0
11,8,car,0,0,22.36,32.39,0.0,0.0
11,10,car,0,0,31.47,28.02,0.0,0.0
11,9,car,0,0,23.74,8.43,0.0,0.0
11,5,car,0,0,192.98,1.87,0.0,0.0
11,20,truck,0,0,33.43,31.85,0.0,0.0
11,13,car,0,0,26.22,12.65,0.0,0.0
11,14,truck,0,0,25.39,74.78,0.0,0.0
11,16,car,0,0,23.74,101.22,0.0,0.0
11,28,van,0,0,1.07,11.87,0.0,0.0
11,19,car,0,0,27.75,0.0,0.0,0.0
11,18,car,0,0,29.07,5.14,0.0,0.0
11,23,car,0,0,27.75,8.44,0.0,0.0
11,15,car,0,0,22.36,93.21,0.0,0.0
11,31,bus,0,0.0,1.07,0.0,0.0,0.0
11,24,truck,0,0,23.27,112.78,0.0,0.0
11,17,car,0,0,23.27,61.63,0.0,0.0
11,21,car,0,0,32.99,33.95,0.0,0.0
12,11,bus,0,0,281.06,8.76,0.0,0.0
12,4,car,0,0,71.37,10.99,0.0,0.0
12,7,car,0,0,34.92,32.69,0.0,0.0
12,2,car,0,0,102.62,4.45,0.0,0.0
12,6,car,0,0,70.03,22.55,0.0,0.0
12,1,car,0,0,102.62,13.29,0.0,0.0
12,32,car,0,0.0,398.02,0.0,0.0,0.0
12,10,car,0,0,31.97,0.07,0.0,0.0
12,8,car,0,0,23.04,3.31,0.0,0.0
12,9,car,0,0,23.38,57.71,0.0,0.0
12,13,car,0,0,26.54,28.04,0.0,0.0
12,5,car,0,0,191.5,9.56,0.0,0.0
12,16,car,0,0,23.38,27.4,0.0,0.0
12,14,truck,0,0,25.25,54.17,0.0,0.0
12,20,truck,0,0,34.27,68.54,0.0,0.0
12,23,car,0,0,26.77,156.81,0.0,0.0
12,19,car,0,0,26.77,0.0,0.0,0.0
12,18,car,0,0,28.36,7.07,0.0,0.0
12,31,bus,0,0.0,398.02,0.0,0.0,0.0
12,15,car,0,0,23.04,19.35,0.0,0.0
12,24,truck,0,0,24.89,92.49,0.0,0.0
12,17,car,0,0,24.89,25.45,0.0,0.0
12,21,car,0,0,33.22,5.39,0.0,0.0
13,32,car,0,0.0,409.09,0.0,51.0,0.0
13,2,car,58,58,100.71,14.59,51.0,7.0
13,31,bus,0,0,409.09,35.49,51.0,0.0
13,4,car,83,83,73.9,21.9,51.0,32.0
13,7,car,23,23,34.56,2.62,51.0,-28.0
13,1,car,82,82,100.71,5.86,51.0,31.0
13,6,car,54,54,71.84,54.69,51.0,3.0
13,11,bus,62,62,283.06,0.71,51.0,11.0
13,10,car,39,39,30.65,123.88,51.0,-12.0
13,9,car,55,55,22.97,64.38,51.0,4.0
13,8,car,61,61,21.64,19.16,51.0,10.0
13,13,car,51,51,26.42,12.5,51.0,0.0
13,20,truck,52,52,34.24,67.61,51.0,1.0
13,5,car,60,60,188.79,7.55,51.0,9.0
13,16,car,72,72,22.97,49.64,51.0,21.0
13,14,truck,8,8,25.39,38.46,51.0,-43.0
13,24,truck,0,0,24.7,36.25,51.0,0.0
13,19,car,23,23,25.88,2.06,51.0,-28.0
13,18,car,17,17,27.75,41.98,51.0,-34.0
13,23,car,0,0,25.88,4.63,51.0,0.0
13,15,car,67,67,21.64,2.76,51.0,16.0
13,17,car,0,0,24.7,25.49,51.0,0.0
14,32,car,0,0,412.98,8.27,50.59,0.0
14,11,bus,63,1,287.19,5.31,50.59,12.41
14,1,car,81,-1,99.73,21.61,50.59,30.41
14,2,car,57,-1,99.73,10.63,50.59,6.41
14,4,car,83,0,75.34,21.32,50.59,32.41
14,7,car,23,0,47.42,4.88,50.59,-27.59
14,6,car,53,-1,72.21,36.79,50.59,2.41
14,5,car,61,1,186.19,1.11,50.59,10.41
14,20,truck,51,-1,33.53,11.35,50.59,0.41
14,9,car,52,-3,22.76,0.14,50.59,1.41
14,10,car,40,1,30.6,143.66,50.59,-10.59
14,31,bus,0,0,412.98,1.61,50.59,0.0
14,13,car,49,-2,26.76,69.07,50.59,-1.59
14,8,car,61,0,21.3,23.0,50.59,10.41
14,16,car,73,1,22.76,3.41,50.59,22.41
14,14,truck,9,1,24.95,79.32,50.59,-41.59
14,24,truck,0,0,24.95,14.09,50.59,0.0
14,15,car,65,-2,21.3,12.39,50.59,14.41
14,18,car,17,0,27.47,0.0,50.59,-33.59
14,19,car,22,-1,25.94,0.0,50.59,-28.59
14,23,car,0,0,25.94,46.66,50.59,0.0
15,32,car,0,0,416.23,5.25,53.39,0.0
15,31,bus,0,0,416.23,1.56,53.39,0.0
15,2,car,58,1,98.07,10.21,53.39,4.61
15,1,car,83,2,98.07,9.72,53.39,29.61
15,4,car,83,0,77.04,6.84,53.39,29.61
15,7,car,23,0,47.41,20.92,53.39,-30.39
15,5,car,61,0,183.26,12.39,53.39,7.61
15,6,car,52,-1,71.18,33.26,53.39,-1.39
15,20,truck,50,-1,32.91,2.32,53.39,-3.39
15,9,car,54,2,22.56,55.46,53.39,0.61
15,8,car,64,3,22.87,48.68,53.39,10.61
15,10,car,54,14,33.27,43.75,53.39,0.61
15,16,car,79,6,22.56,42.17,53.39,25.61
15,11,bus,63,0,292.11,13.04,53.39,9.61
15,14,truck,7,-2,25.49,82.67,53.39,-46.39
15,15,car,61,-4,22.87,150.83,53.39,7.61
15,18,car,17,0,28.36,0.0,53.39,-36.39
15,24,truck,0,0,25.49,59.56,53.39,0.0
15,19,car,22,0,26.12,0.0,53.39,-31.39
15,13,car,56,7,27.87,28.38,53.39,2.61
15,23,car,0,0,26.12,157.64,53.39,0.0
15,21,car,74,74,31.73,82.69,53.39,20.61
16,32,car,0,0,417.66,15.02,52.05,0.0
16,2,car,58,0,96.66,11.46,52.05,5.95
16,31,bus,0,0,417.66,3.12,52.05,0.0
16,5,car,60,-1,181.61,9.97,52.05,7.95
16,7,car,24,1,34.69,5.63,52.05,-28.05
16,11,bus,65,2,294.51,23.67,52.05,12.95
16,4,car,82,-1,77.84,5.83,52.05,29.95
16,6,car,56,4,71.14,43.64,52.05,3.95
16,1,car,82,-1,96.66,5.06,52.05,29.95
16,8,car,67,3,22.03,11.88,52.05,14.95
16,9,car,55,1,22.62,24.41,52.05,2.95
16,10,car,55,1,33.79,23.71,52.05,2.95
16,16,car,77,-2,22.62,22.62,52.05,24.95
16,15,car,70,9,22.03,139.61,52.05,17.95
16,20,truck,51,1,32.77,20.63,52.05,-1.05
16,13,car,56,0,28.41,29.32,52.05,3.95
16,14,truck,7,0,25.49,56.53,52.05,-45.05
16,18,car,18,1,28.94,0.0,52.05,-34.05
16,21,car,72,-2,31.69,12.98,52.05,19.95
16,24,truck,0,0,24.6,5.98,52.05,0.0
16,19,car,22,0,26.33,0.0,52.05,-30.05
16,23,car,0,0,26.33,36.46,52.05,0.0
16,17,car,12,12,24.6,108.41,52.05,-40.05
17,31,bus,0,0,402.56,0.19,48.29,0.0
17,11,bus,64,-1,296.53,8.66,48.29,15.71
17,32,car,0,0,410.9,6.9,48.29,0.0
17,5,car,60,0,179.9,2.75,48.29,11.71
17,2,car,57,-1,95.4,16.19,48.29,8.71
17,4,car,82,0,80.14,8.41,48.29,33.71
17,1,car,82,0,95.4,9.96,48.29,33.71
17,6,car,55,-1,71.56,22.12,48.29,6.71
17,7,car,23,-1,34.6,2.25,48.29,-25.29
17,10,car,56,1,34.22,21.42,48.29,7.71
17,8,car,65,-2,22.07,29.97,48.29,16.71
17,9,car,57,2,22.9,13.69,48.29,8.71
17,15,car,67,-3,22.07,52.0,48.29,18.71
17,21,car,74,2,31.82,27.96,48.29,25.71
17,16,car,78,1,22.9,4.87,48.29,29.71
17,14,truck,7,0,25.99,45.55,48.29,-41.29
17,18,car,18,0,29.61,23.51,48.29,-30.29
17,13,car,57,1,28.38,7.9,48.29,8.71
17,19,car,22,0,26.7,13.22,48.29,-26.29
17,20,truck,50,-1,32.8,10.32,48.29,1.71
17,24,truck,4,4,24.43,1.91,48.29,-44.29
17,23,car,24,24,26.7,7.37,48.29,-24.29
17,17,car,12,0,24.43,66.96,48.29,-36.29
18,31,bus,0,0,382.64,1.04,47.76,0.0
18,32,car,0,0,394.58,8.83,47.76,0.0
18,1,car,82,0,94.06,0.9,47.76,34.24
18,5,car,59,-1,177.58,1.87,47.76,11.24
18,2,car,57,0,94.06,0.51,47.76,9.24
18,4,car,82,0,82.42,5.07,47.76,34.24
18,7,car,22,-1,34.46,17.77,47.76,-25.76
18,6,car,52,-3,71.67,30.4,47.76,4.24
18,8,car,66,1,23.66,45.74,47.76,18.24
18,10,car,54,-2,34.46,6.56,47.76,6.24
18,21,car,74,0,32.58,40.36,47.76,26.24
18,11,bus,65,1,298.81,3.75,47.76,17.24
18,9,car,58,1,23.23,7.11,47.76,10.24
18,15,car,66,-1,23.66,130.67,47.76,18.24
18,14,truck,6,-1,26.09,48.26,47.76,-41.76
18,20,truck,51,1,33.6,55.04,47.76,3.24
18,18,car,19,1,29.88,41.32,47.76,-28.76
18,16,car,76,-2,23.23,3.52,47.76,28.24
18,19,car,22,0,26.65,3.93,47.76,-25.76
18,13,car,57,0,27.85,10.92,47.76,9.24
18,23,car,22,-2,26.65,27.96,47.76,-25.76
18,24,truck,2,-2,24.81,48.52,47.76,-45.76
18,17,car,11,-1,24.81,44.12,47.76,-36.76
19,31,bus,0,0,364.89,1.84,47.9,0.0
19,32,car,0,0,375.36,6.75,47.9,0.0
19,1,car,82,0,91.86,5.4,47.9,34.1
19,5,car,59,0,175.32,4.27,47.9,11.1
19,2,car,57,0,91.86,19.37,47.9,9.1
19,7,car,22,0,34.01,6.17,47.9,-25.9
19,6,car,52,0,71.74,37.53,47.9,4.1
19,4,car,83,1,84.82,15.8,47.9,35.1
19,11,bus,66,1,0.8,1.39,47.9,18.1
19,8,car,68,2,23.9,29.61,47.9,20.1
19,20,truck,50,-1,33.45,43.85,47.9,2.1
19,9,car,58,0,22.6,50.22,47.9,10.1
19,15,car,66,0,23.9,75.71,47.9,18.1
19,21,car,78,4,33.11,71.46,47.9,30.1
19,16,car,74,-2,22.6,78.02,47.9,26.1
19,18,car,19,0,29.74,12.66,47.9,-28.9
19,24,truck,2,0,25.44,134.1,47.9,-45.9
19,10,car,57,3,34.55,116.81,47.9,9.1
19,19,car,22,0,26.87,108.77,47.9,-25.9
19,13,car,54,-3,26.35,85.42,47.9,6.1
19,23,car,20,-2,26.87,107.23,47.9,-27.9
19,14,truck,7,1,25.72,6.48,47.9,-40.9
19,36,bus,0,0.0,0.8,0.0,47.9,0.0
19,17,car,10,-1,25.44,17.32,47.9,-37.9
20,32,car,0,0,363.27,2.49,47.62,0.0
20,31,bus,0,0,350.55,9.67,47.62,0.0
20,1,car,81,-1,91.64,12.6,47.62,33.38
20,2,car,56,-1,91.64,27.12,47.62,8.38
20,5,car,59,0,172.6,2.14,47.62,11.38
20,6,car,54,2,71.49,34.58,47.62,6.38
20,7,car,22,0,33.66,39.43,47.62,-25.62
20,4,car,83,0,86.02,12.32,47.62,35.38
20,11,bus,65,-1,1.17,11.25,47.62,17.38
20,8,car,67,-1,23.57,9.69,47.62,19.38
20,10,car,59,2,36.17,105.47,47.62,11.38
20,20,truck,51,1,33.4,12.35,47.62,3.38
20,15,car,64,-2,23.57,47.38,47.62,16.38
20,9,car,58,0,22.59,40.54,47.62,10.38
20,21,car,78,0,33.36,25.1,47.62,30.38
20,13,car,53,-1,26.48,42.98,47.62,5.38
20,16,car,73,-1,22.59,73.66,47.62,25.38
20,14,truck,8,1,24.38,67.08,47.62,-39.62
20,18,car,19,0,29.65,25.9,47.62,-28.62
20,19,car,21,-1,26.71,0.0,47.62,-26.62
20,24,truck,3,1,24.38,84.26,47.62,-44.62
20,23,car,18,-2,26.71,80.3,47.62,-29.62
20,36,bus,0,0.0,1.17,0.0,47.62,0.0
20,17,car,8,-2,25.6,27.16,47.62,-39.62
21,32,car,0,0,350.96,0.12,47.57,0.0
21,31,bus,0,0,332.57,11.68,47.57,0.0
21,5,car,59,0,170.02,11.66,47.57,11.43
21,2,car,56,0,91.02,3.18,47.57,8.43
21,4,car,83,0,88.29,11.91,47.57,35.43
21,6,car,53,-1,71.45,15.06,47.57,5.43
21,1,car,81,0,91.02,5.26,47.57,33.43
21,7,car,22,0,33.49,30.71,47.57,-25.57
21,8,car,68,1,23.93,20.98,47.57,20.43
21,15,car,70,6,23.93,46.26,47.57,22.43
21,10,car,57,-2,35.99,77.22,47.57,9.43
21,20,truck,49,-2,33.34,1.97,47.57,1.43
21,9,car,58,0,22.07,55.56,47.57,10.43
21,11,bus,65,0,1.48,16.26,47.57,17.43
21,18,car,18,-1,29.44,59.5,47.57,-29.57
21,36,bus,0,0,1.48,5.96,47.57,0.0
21,14,truck,8,0,23.99,49.94,47.57,-39.57
21,16,car,76,3,22.07,10.04,47.57,28.43
21,21,car,76,-2,33.15,11.22,47.57,28.43
21,24,truck,4,1,23.99,94.38,47.57,-43.57
21,19,car,20,-1,26.3,0.0,47.57,-27.57
21,13,car,54,1,27.24,2.85,47.57,6.43
21,23,car,15,-3,26.3,23.93,47.57,-32.57
21,17,car,7,-1,25.91,27.88,47.57,-40.57
22,31,bus,0,0,321.21,8.46,46.6,0.0
22,32,car,0,0,338.84,0.85,46.6,0.0
22,2,car,57,1,89.36,23.59,46.6,10.4
22,5,car,59,0,168.52,11.11,46.6,12.4
22,6,car,53,0,72.24,23.72,46.6,6.4
22,7,car,22,0,33.7,6.15,46.6,-24.6
22,1,car,81,0,89.36,5.45,46.6,34.4
22,4,car,84,1,90.82,4.93,46.6,37.4
22,10,car,56,-1,33.57,80.82,46.6,9.4
22,8,car,68,0,23.68,26.82,46.6,21.4
22,20,truck,47,-2,34.88,21.99,46.6,0.4
22,15,car,70,0,23.68,7.23,46.6,23.4
22,9,car,54,-4,21.85,8.62,46.6,7.4
22,14,truck,8,0,23.5,22.72,46.6,-38.6
22,18,car,17,-1,28.6,0.0,46.6,-29.6
22,24,truck,5,1,23.5,10.04,46.6,-41.6
22,21,car,78,2,32.93,32.33,46.6,31.4
22,16,car,75,-1,21.85,42.81,46.6,28.4
22,19,car,20,0,25.9,154.98,46.6,-26.6
22,23,car,13,-2,25.9,40.37,46.6,-33.6
22,13,car,59,5,30.49,28.62,46.6,12.4
22,17,car,6,-1,25.85,104.17,46.6,-40.6
23,31,bus,106,106,307.19,5.39,50.27,55.73
23,32,car,0,0,326.84,1.72,50.27,0.0
23,1,car,81,0,87.98,0.92,50.27,30.73
23,5,car,60,1,167.02,5.68,50.27,9.73
23,2,car,57,0,87.98,4.84,50.27,6.73
23,11,bus,69,4,314.49,0.69,50.27,18.73
23,6,car,53,0,72.79,26.61,50.27,2.73
23,7,car,23,1,33.36,26.07,50.27,-27.27
23,4,car,82,-2,91.52,16.97,50.27,31.73
23,10,car,55,-1,35.52,24.23,50.27,4.73
23,20,truck,48,1,34.21,71.83,50.27,-2.27
23,15,car,72,2,24.51,24.09,50.27,21.73
23,8,car,69,1,24.51,10.15,50.27,18.73
23,9,car,52,-2,21.48,144.37,50.27,1.73
23,14,truck,8,0,23.12,3.52,50.27,-42.27
23,21,car,80,2,32.79,43.32,50.27,29.73
23,18,car,17,0,28.3,0.0,50.27,-33.27
23,16,car,73,-2,21.48,46.25,50.27,22.73
23,19,car,19,-1,25.75,106.6,50.27,-31.27
23,24,truck,7,2,23.12,37.93,50.27,-43.27
23,23,car,11,-2,25.75,4.13,50.27,-39.27
23,13,car,58,-1,29.18,174.82,50.27,7.73
23,17,car,6,0,26.01,131.18,50.27,-44.27
24,32,car,88,88,314.94,1.76,51.52,36.48
24,31,bus,107,1,294.6,1.37,51.52,55.48
24,11,bus,69,0,319.96,14.78,51.52,17.48
24,1,car,80,-1,86.24,5.85,51.52,28.48
24,2,car,56,-1,86.24,2.0,51.52,4.48
24,5,car,59,-1,164.74,7.14,51.52,7.48
24,4,car,82,0,93.39,18.86,51.52,30.48
24,6,car,55,2,73.13,7.12,51.52,3.48
24,7,car,22,-1,32.62,50.23,51.52,-29.52
24,8,car,70,1,25.63,8.98,51.52,18.48
24,15,car,69,-3,25.63,125.33,51.52,17.48
24,10,car,57,2,37.18,11.29,51.52,5.48
24,20,truck,49,1,33.92,47.59,51.52,-2.52
24,9,car,51,-1,21.9,0.0,51.52,-0.52
24,21,car,77,-3,32.83,134.53,51.52,25.48
24,14,truck,7,-1,22.39,23.86,51.52,-44.52
24,18,car,16,-1,28.43,0.0,51.52,-35.52
24,16,car,68,-5,21.9,99.9,51.52,16.48
24,19,car,17,-2,26.14,174.39,51.52,-34.52
24,23,car,13,2,26.14,103.93,51.52,-38.52
24,24,truck,9,2,22.39,24.55,51.52,-42.52
24,17,car,7,1,25.89,39.48,51.52,-44.52
24,13,car,57,-1,28.73,15.84,51.52,5.48
25,31,bus,106,-1,284.28,1.79,53.24,52.76
25,32,car,90,2,303.66,0.89,53.24,36.76
25,4,car,83,1,96.32,9.69,53.24,29.76
25,1,car,80,0,85.41,21.95,53.24,26.76
25,2,car,56,0,85.41,5.71,53.24,2.76
25,11,bus,69,0,321.18,13.33,53.24,15.76
25,5,car,58,-1,162.78,0.98,53.24,4.76
25,6,car,55,0,73.41,12.53,53.24,1.76
25,7,car,22,0,32.56,28.59,53.24,-31.24
25,8,car,68,-2,24.47,23.79,53.24,14.76
25,10,car,55,-2,44.71,7.39,53.24,1.76
25,20,truck,48,-1,37.01,17.67,53.24,-5.24
25,15,car,72,3,24.47,78.89,53.24,18.76
25,9,car,49,-2,21.93,0.0,53.24,-4.24
25,21,car,76,-1,31.94,157.15,53.24,22.76
25,14,truck,8,1,27.06,50.42,53.24,-45.24
25,18,car,15,-1,28.38,0.0,53.24,-38.24
25,16,car,68,0,21.93,96.14,53.24,14.76
25,19,car,18,1,26.5,158.04,53.24,-35.24
25,23,car,16,3,26.5,24.81,53.24,-37.24
25,17,car,6,-1,27.06,0.0,53.24,-47.24
26,32,car,92,2,295.56,3.32,51.48,40.52
26,31,bus,107,1,273.62,3.0,51.48,55.52
26,11,bus,69,0,324.24,7.3,51.48,17.52
26,5,car,58,0,160.95,7.94,51.48,6.52
26,2,car,54,-2,84.66,10.57,51.48,2.52
26,4,car,82,-1,98.77,1.39,51.48,30.52
26,6,car,56,1,73.52,14.57,51.48,4.52
26,7,car,22,0,32.74,41.48,51.48,-29.48
26,8,car,68,0,25.59,19.69,51.48,16.52
26,1,car,80,0,84.66,5.07,51.48,28.52
26,10,car,59,4,36.2,31.24,51.48,7.52
26,20,truck,48,0,34.24,29.05,51.48,-3.48
26,9,car,47,-2,22.21,69.51,51.48,-4.48
26,15,car,68,-4,25.59,151.83,51.48,16.52
26,13,car,59,2,30.49,171.21,51.48,7.52
26,16,car,65,-3,22.21,0.21,51.48,13.52
26,14,truck,6,-2,22.15,48.66,51.48,-45.48
26,18,car,16,1,28.07,0.0,51.48,-35.48
26,21,car,74,-2,32.95,156.44,51.48,22.52
26,19,car,17,-1,26.65,7.23,51.48,-34.48
26,23,car,19,3,26.65,31.0,51.48,-32.48
26,24,truck,12,3,22.15,16.75,51.48,-39.48
26,17,car,6,0,25.01,0.0,51.48,-45.48
27,31,bus,108,1,262.39,1.76,55.14,52.86
27,32,car,93,1,285.78,5.72,55.14,37.86
27,5,car,58,0,158.96,8.01,55.14,2.86
27,4,car,82,0,101.5,7.57,55.14,26.86
27,2,car,54,0,83.25,12.33,55.14,-1.14
27,11,bus,71,2,329.38,9.82,55.14,15.86
27,7,car,22,0,45.99,46.71,55.14,-33.14
27,6,car,55,-1,74.55,19.91,55.14,-0.14
27,10,car,59,0,37.1,44.23,55.14,3.86
27,8,car,67,-1,25.43,20.64,55.14,11.86
27,1,car,78,-2,83.25,9.76,55.14,22.86
27,15,car,64,-4,25.43,169.99,55.14,8.86
27,20,truck,47,-1,34.46,59.89,55.14,-8.14
27,9,car,48,1,22.89,6.02,55.14,-7.14
27,13,car,57,-2,30.05,6.34,55.14,1.86
27,16,car,60,-5,22.89,71.38,55.14,4.86
27,14,truck,9,3,45.99,124.83,55.14,-46.14
27,18,car,15,-1,28.12,44.42,55.14,-40.14
27,21,car,75,1,33.87,84.5,55.14,19.86
27,19,car,15,-2,27.09,0.0,55.14,-40.14
27,23,car,21,2,27.09,50.63,55.14,-34.14
28,31,bus,107,-1,254.77,7.99,53.27,53.73
28,32,car,94,1,277.61,4.69,53.27,40.73
28,1,car,78,0,82.67,2.69,53.27,24.73
28,5,car,57,-1,158.23,5.31,53.27,3.73
28,4,car,83,1,104.36,1.57,53.27,29.73
28,2,car,54,0,82.67,21.81,53.27,0.73
28,7,car,24,2,45.84,5.58,53.27,-29.27
28,6,car,53,-2,74.77,5.13,53.27,-0.27
28,11,bus,70,-1,1.07,18.1,53.27,16.73
28,8,car,69,2,26.15,21.6,53.27,15.73
28,10,car,62,3,38.08,37.47,53.27,8.73
28,9,car,53,5,23.29,3.73,53.27,-0.27
28,20,truck,43,-4,34.85,5.89,53.27,-10.27
28,38,truck,0,0.0,1.07,0.0,53.27,0.0
28,13,car,57,0,29.7,12.04,53.27,3.73
28,15,car,63,-1,26.15,8.56,53.27,9.73
28,16,car,61,1,23.29,114.76,53.27,7.73
28,14,truck,9,0,21.64,117.3,53.27,-44.27
28,18,car,14,-1,28.33,0.0,53.27,-39.27
28,21,car,77,2,34.98,2.34,53.27,23.73
28,19,car,15,0,27.04,0.0,53.27,-38.27
28,23,car,20,-1,27.04,61.11,53.27,-33.27
28,24,truck,9,-3,21.64,58.25,53.27,-44.27
29,32,car,95,1,269.31,5.77,53.05,41.95
29,31,bus,109,2,244.71,8.88,53.05,55.95
29,5,car,55,-2,156.66,7.06,53.05,1.95
29,11,bus,70,0,337.97,14.45,53.05,16.95
29,1,car,77,-1,82.13,6.32,53.05,23.95
29,2,car,54,0,82.13,8.37,53.05,0.95
29,4,car,83,0,106.12,9.55,53.05,29.95
29,6,car,54,1,75.2,42.95,53.05,0.95
29,7,car,21,-3,46.38,24.62,53.05,-32.05
29,8,car,65,-4,26.85,30.48,53.05,11.95
29,10,car,61,-1,38.09,4.07,53.05,7.95
29,9,car,50,-3,23.25,34.25,53.05,-3.05
29,20,truck,45,2,34.82,53.24,53.05,-8.05
29,15,car,60,-3,26.85,45.81,53.05,6.95
29,13,car,59,2,30.01,21.85,53.05,5.95
29,16,car,61,0,23.25,0.0,53.05,7.95
29,14,truck,8,-1,18.63,114.24,53.05,-45.05
29,18,car,16,2,28.26,0.0,53.05,-37.05
29,39,car,0,0.0,13.27,0.0,53.05,0.0
29,19,car,16,1,13.27,0.0,53.05,-37.05
29,21,car,76,-1,35.8,21.21,53.05,22.95
29,24,truck,15,6,18.63,93.6,53.05,-38.05
29,23,car,17,-3,26.42,118.47,53.05,-36.05
30,32,car,96,1,260.69,10.69,53.5,42.5
30,31,bus,108,-1,239.47,6.1,53.5,54.5
30,1,car,77,0,81.37,6.9,53.5,23.5
30,5,car,56,1,154.8,15.55,53.5,2.5
30,2,car,54,0,81.37,3.33,53.5,0.5
30,4,car,83,0,109.31,3.18,53.5,29.5
30,7,car,21,0,45.82,30.63,53.5,-32.5
30,6,car,54,0,75.59,45.42,53.5,0.5
30,11,bus,70,0,341.49,8.16,53.5,16.5
30,10,car,57,-4,37.78,72.21,53.5,3.5
30,8,car,66,1,27.1,40.84,53.5,12.5
30,9,car,50,0,23.83,25.15,53.5,-3.5
30,20,truck,45,0,34.55,0.0,53.5,-8.5
30,16,car,60,-1,23.83,0.0,53.5,6.5
30,15,car,61,1,27.1,72.73,53.5,7.5
30,13,car,58,-1,29.76,44.25,53.5,4.5
30,14,truck,7,-1,19.8,152.0,53.5,-46.5
30,18,car,17,1,32.24,0.0,53.5,-36.5
30,39,car,0,0.0,13.14,0.0,53.5,0.0
30,19,car,17,1,13.14,0.0,53.5,-36.5
30,24,truck,13,-2,19.8,116.97,53.5,-40.5
31,31,bus,108,0,231.7,9.89,53.7,54.3
31,32,car,97,1,252.36,4.98,53.7,43.3
31,4,car,83,0,111.51,7.86,53.7,29.3
31,1,car,76,-1,80.39,5.26,53.7,22.3
31,2,car,54,0,80.39,4.95,53.7,0.3
31,5,car,57,1,153.26,5.95,53.7,3.3
31,6,car,52,-2,75.92,9.33,53.7,-1.7
31,7,car,23,2,46.2,42.87,53.7,-30.7
31,10,car,58,1,37.84,74.66,53.7,4.3
31,8,car,69,3,27.7,17.25,53.7,15.3
31,11,bus,71,1,345.44,25.24,53.7,17.3
31,9,car,50,0,23.87,5.99,53.7,-3.7
31,16,car,57,-3,23.87,44.71,53.7,3.3
31,13,car,58,0,29.92,53.41,53.7,4.3
31,20,truck,33,-12,35.97,0.0,53.7,-20.7
31,15,car,63,2,27.7,3.04,53.7,9.3
31,14,truck,9,2,16.3,150.07,53.7,-44.7
31,39,car,0,0,13.05,9.9,53.7,0.0
31,18,car,15,-2,32.12,0.0,53.7,-38.7
31,24,truck,26,13,16.3,85.97,53.7,-27.7
31,19,car,15,-2,13.05,0.0,53.7,-38.7
32,32,car,98,1,245.4,0.18,53.95,44.05
32,31,bus,108,0,223.63,7.01,53.95,54.05
32,5,car,56,-1,151.63,13.77,53.95,2.05
32,2,car,52,-2,79.86,3.02,53.95,-1.95
32,11,bus,69,-2,350.08,27.38,53.95,15.05
32,4,car,83,0,113.95,22.11,53.95,29.05
32,6,car,52,0,76.83,10.81,53.95,-1.95
32,10,car,55,-3,37.49,4.73,53.95,1.05
32,7,car,23,0,46.36,40.13,53.95,-30.95
32,8,car,68,-1,27.29,42.77,53.95,14.05
32,1,car,75,-1,79.86,12.69,53.95,21.05
32,16,car,58,1,23.51,30.27,53.95,4.05
32,9,car,52,2,23.51,24.63,53.95,-1.95
32,13,car,62,4,30.87,5.74,53.95,8.05
32,20,truck,41,8,35.53,176.13,53.95,-12.95
32,15,car,64,1,27.29,28.89,53.95,10.05
32,14,truck,10,1,14.23,7.05,53.95,-43.95
32,39,car,0,0,12.95,85.3,53.95,0.0
32,18,car,13,-2,32.15,0.0,53.95,-40.95
32,24,truck,26,0,14.23,131.73,53.95,-27.95
32,19,car,14,-1,12.95,52.91,53.95,-39.95
33,32,car,98,0,241.0,3.59,56.47,41.53
33,11,bus,71,2,352.95,19.59,56.47,14.53
33,31,bus,108,0,218.1,10.59,56.47,51.53
33,5,car,56,0,150.29,11.34,56.47,-0.47
33,4,car,85,2,116.58,19.61,56.47,28.53
33,6,car,52,0,77.48,13.29,56.47,-4.47
33,2,car,53,1,79.09,8.13,56.47,-3.47
33,7,car,24,1,45.84,19.44,56.47,-32.47
33,10,car,59,4,39.67,32.03,56.47,2.53
33,8,car,67,-1,27.08,41.59,56.47,10.53
33,1,car,74,-1,79.09,15.52,56.47,17.53
33,16,car,59,1,23.53,31.2,56.47,2.53
33,9,car,52,0,23.53,0.46,56.47,-4.47
33,20,truck,43,2,33.72,32.16,56.47,-13.47
33,15,car,64,0,27.08,10.86,56.47,7.53
33,13,car,61,-1,29.9,153.05,56.47,4.53
33,14,truck,10,0,14.64,107.72,56.47,-46.47
33,39,car,0,0,41.05,135.13,56.47,0.0
33,18,car,14,1,41.05,0.0,56.47,-42.47
33,24,truck,23,-3,14.64,106.1,56.47,-33.47
34,32,car,97,-1,236.01,4.29,56.79,40.21
34,31,bus,107,-1,212.68,9.89,56.79,50.21
34,11,bus,72,1,358.18,5.32,56.79,15.21
34,1,car,74,0,76.8,1.1,56.79,17.21
34,4,car,83,-2,118.96,17.61,56.79,26.21
34,6,car,53,1,77.85,25.33,56.79,-3.79
34,2,car,52,-1,76.8,25.01,56.79,-4.79
34,7,car,23,-1,45.77,35.02,56.79,-33.79
34,5,car,54,-2,148.97,2.39,56.79,-2.79
34,10,car,59,0,40.45,3.51,56.79,2.21
34,8,car,68,1,27.66,77.98,56.79,11.21
34,16,car,60,1,23.53,27.88,56.79,3.21
34,9,car,52,0,23.53,20.99,56.79,-4.79
34,20,truck,44,1,33.8,1.21,56.79,-12.79
34,15,car,69,5,27.66,96.35,56.79,12.21
34,14,truck,8,-2,12.93,77.36,56.79,-48.79
34,13,car,59,-2,29.85,170.61,56.79,2.21
34,39,car,0,0,40.91,86.61,56.79,0.0
34,24,truck,31,8,12.93,159.54,56.79,-25.79
34,18,car,14,0,40.91,0.0,56.79,-42.79
35,32,car,99,2,230.22,3.87,58.21,40.79
35,31,bus,108,1,205.2,6.52,58.21,49.79
35,5,car,52,-2,147.78,0.05,58.21,-6.21
35,4,car,84,1,122.35,24.44,58.21,25.79
35,11,bus,69,-3,364.8,9.19,58.21,10.79
35,2,car,50,-2,76.14,14.14,58.21,-8.21
35,6,car,53,0,78.81,33.98,58.21,-5.21
35,1,car,73,-1,76.14,14.36,58.21,14.79
35,7,car,22,-1,46.36,23.11,58.21,-36.21
35,10,car,58,-1,38.98,19.49,58.21,-0.21
35,8,car,70,2,27.27,5.51,58.21,11.79
35,20,truck,42,-2,35.13,25.78,58.21,-16.21
35,16,car,60,0,23.68,24.14,58.21,1.79
35,9,car,56,4,23.68,11.33,58.21,-2.21
35,15,car,70,1,27.27,45.34,58.21,11.79
35,14,truck,8,0,6.94,39.88,58.21,-50.21
35,13,car,61,2,30.81,9.16,58.21,2.79
35,39,car,0,0,41.03,78.71,58.21,0.0
35,24,truck,59,28,6.94,18.23,58.21,0.79
35,18,car,12,-2,41.03,0.0,58.21,-46.21
36,32,car,98,-1,223.77,10.94,54.68,43.32
36,31,bus,112,4,200.25,9.86,54.68,57.32
36,4,car,83,-1,125.74,8.66,54.68,28.32
36,11,bus,70,1,368.22,18.37,54.68,15.32
36,5,car,53,1,145.05,4.62,54.68,-1.68
36,6,car,49,-4,78.83,8.84,54.68,-5.68
36,1,car,72,-1,76.18,5.39,54.68,17.32
36,2,car,51,1,76.18,14.08,54.68,-3.68
36,7,car,21,-1,30.66,26.2,54.68,-33.68
36,8,car,67,-3,26.86,8.61,54.68,12.32
36,10,car,59,1,39.26,2.84,54.68,4.32
36,15,car,66,-4,26.86,19.72,54.68,11.32
36,9,car,56,0,23.13,32.47,54.68,1.32
36,16,car,59,-1,23.13,32.15,54.68,4.32
36,13,car,57,-4,31.37,6.4,54.68,2.32
36,20,truck,44,2,35.46,2.84,54.68,-10.68
36,14,truck,9,1,24.02,8.02,54.68,-45.68
36,39,car,0,0,40.77,115.89,54.68,0.0
36,18,car,11,-1,40.77,0.0,54.68,-43.68
36,17,car,2,-4,24.02,64.0,54.68,-52.68
37,31,bus,110,-2,195.29,1.66,51.65,58.35
37,32,car,103,5,219.84,7.17,51.65,51.35
37,4,car,81,-2,128.94,9.37,51.65,29.35
37,5,car,53,0,144.15,10.31,51.65,1.35
37,6,car,49,0,78.21,33.73,51.65,-2.65
37,2,car,50,-1,76.08,14.99,51.65,-1.65
37,7,car,21,0,30.54,43.01,51.65,-30.65
37,8,car,67,0,28.2,6.72,51.65,15.35
37,10,car,63,4,40.59,11.66,51.65,11.35
37,15,car,58,-8,28.2,95.06,51.65,6.35
37,1,car,71,-1,76.08,4.3,51.65,19.35
37,9,car,51,-5,22.97,22.36,51.65,-0.65
37,16,car,53,-6,22.97,60.2,51.65,1.35
37,20,truck,41,-3,35.45,18.73,51.65,-10.65
37,11,bus,72,2,374.69,13.0,51.65,20.35
37,14,truck,10,1,23.94,14.61,51.65,-41.65
37,13,car,56,-1,31.23,7.56,51.65,4.35
37,39,car,0,0,12.16,24.23,51.65,0.0
37,18,car,9,-2,32.24,0.0,51.65,-42.65
37,19,car,13,-1,12.16,104.53,51.65,-38.65
37,17,car,2,0,23.94,11.49,51.65,-49.65
38,32,car,107,4,214.1,0.67,51.7,55.3
38,31,bus,109,-1,192.62,1.39,51.7,57.3
38,4,car,82,1,131.71,4.27,51.7,30.3
38,5,car,52,-1,143.16,8.63,51.7,0.3
38,6,car,50,1,78.5,9.01,51.7,-1.7
38,2,car,50,0,74.93,18.2,51.7,-1.7
38,8,car,68,1,28.63,0.95,51.7,16.3
38,7,car,20,-1,30.42,63.17,51.7,-31.7
38,15,car,60,2,28.63,85.94,51.7,8.3
38,20,truck,40,-1,35.86,36.2,51.7,-11.7
38,10,car,66,3,41.27,1.48,51.7,14.3
38,9,car,53,2,23.17,23.64,51.7,1.3
38,16,car,51,-2,23.17,137.15,51.7,-0.7
38,13,car,54,-2,31.44,2.67,51.7,2.3
38,14,truck,10,0,23.92,178.88,51.7,-41.7
38,1,car,72,1,74.93,26.79,51.7,20.3
38,11,bus,71,-1,379.23,2.28,51.7,19.3
38,18,car,6,-3,31.89,0.0,51.7,-45.7
38,39,car,0,0,12.33,51.02,51.7,0.0
38,17,car,1,-1,23.92,129.51,51.7,-50.7
38,19,car,12,-1,12.33,0.0,51.7,-39.7
39,32,car,110,3,209.25,4.16,50.95,59.05
39,31,bus,109,0,187.16,5.05,50.95,58.05
39,4,car,82,0,134.76,0.88,50.95,31.05
39,5,car,52,0,140.74,23.11,50.95,1.05
39,6,car,50,0,79.35,20.43,50.95,-0.95
39,2,car,48,-2,75.15,12.05,50.95,-2.95
39,8,car,66,-2,28.18,32.24,50.95,15.05
39,7,car,21,1,30.3,42.32,50.95,-29.95
39,10,car,55,-11,42.3,60.37,50.95,4.05
39,20,truck,39,-1,35.95,29.58,50.95,-11.95
39,15,car,64,4,28.18,24.86,50.95,13.05
39,9,car,52,-1,23.47,14.35,50.95,1.05
39,1,car,69,-3,75.15,39.8,50.95,18.05
39,16,car,48,-3,23.47,17.9,50.95,-2.95
39,11,bus,71,0,1.79,11.96,50.95,20.05
39,14,truck,11,1,23.75,171.73,50.95,-39.95
39,13,car,53,-1,30.97,161.65,50.95,2.05
39,42,truck,0,0.0,1.79,0.0,50.95,0.0
39,19,car,12,0,12.44,0.0,50.95,-38.95
39,39,car,0,0,12.44,30.04,50.95,0.0
39,18,car,6,0,31.91,113.84,50.95,-44.95
39,17,car,1,0,23.75,170.61,50.95,-49.95
40,32,car,110,0,204.93,9.72,50.0,60.0
40,31,bus,107,-2,183.91,5.07,50.0,57.0
40,4,car,84,2,138.47,2.17,50.0,34.0
40,5,car,52,0,139.97,16.92,50.0,2.0
40,2,car,47,-1,74.39,3.75,50.0,-3.0
40,8,car,64,-2,28.15,0.18,50.0,14.0
40,6,car,47,-3,79.04,10.12,50.0,-3.0
40,10,car,54,-1,42.67,40.78,50.0,4.0
40,7,car,20,-1,30.3,33.29,50.0,-30.0
40,15,car,61,-3,28.15,11.91,50.0,11.0
40,9,car,50,-2,23.32,33.35,50.0,0.0
40,11,bus,71,0,0.81,5.07,50.0,21.0
40,20,truck,36,-3,35.58,10.56,50.0,-14.0
40,16,car,50,2,23.32,35.77,50.0,0.0
40,1,car,68,-1,74.39,33.44,50.0,18.0
40,14,truck,12,1,23.78,13.18,50.0,-38.0
40,42,truck,0,0.0,0.81,0.0,50.0,0.0
40,13,car,49,-4,31.91,78.86,50.0,-1.0
40,17,car,2,1,23.78,44.43,50.0,-48.0
40,18,car,4,-2,31.73,0.0,50.0,-46.0
40,39,car,0,0,12.94,96.5,50.0,0.0
40,19,car,12,0,12.94,0.0,50.0,-38.0
41,32,car,108,-2,200.08,5.89,48.0,60.0
41,31,bus,106,-1,180.18,5.04,48.0,58.0
41,4,car,85,1,143.19,0.08,48.0,37.0
41,5,car,52,0,138.11,1.3,48.0,4.0
41,1,car,68,0,73.22,3.5,48.0,20.0
41,2,car,47,0,73.22,18.55,48.0,-1.0
41,8,car,65,1,28.05,8.22,48.0,17.0
41,6,car,48,1,78.76,25.34,48.0,0.0
41,11,bus,71,0,1.35,8.47,48.0,23.0
41,10,car,52,-2,43.57,29.96,48.0,4.0
41,7,car,21,1,30.05,9.33,48.0,-27.0
41,9,car,47,-3,22.86,139.26,48.0,-1.0
41,15,car,61,0,28.05,30.32,48.0,13.0
41,16,car,47,-3,22.86,0.0,48.0,-1.0
41,20,truck,38,2,33.01,48.23,48.0,-10.0
41,14,truck,13,1,24.05,0.0,48.0,-35.0
41,42,truck,0,0,1.35,8.19,48.0,0.0
41,13,car,51,2,32.22,43.44,48.0,3.0
41,17,car,2,0,24.05,15.37,48.0,-46.0
41,18,car,2,-2,31.68,0.0,48.0,-46.0
41,19,car,9,-3,13.26,25.91,48.0,-39.0
41,39,car,15,15,13.26,36.26,48.0,-33.0
42,32,car,107,-1,195.35,0.17,47.95,59.05
42,4,car,84,-1,145.88,0.55,47.95,36.05
42,5,car,53,1,137.03,7.09,47.95,5.05
42,8,car,64,-1,27.93,43.44,47.95,16.05
42,2,car,47,0,72.33,23.95,47.95,-0.95
42,6,car,50,2,78.75,27.89,47.95,2.05
42,31,bus,103,-3,177.64,0.21,47.95,55.05
42,7,car,21,0,30.01,16.49,47.95,-26.95
42,10,car,56,4,45.23,51.27,47.95,8.05
42,9,car,45,-2,22.51,8.04,47.95,-2.95
42,16,car,46,-1,22.51,0.0,47.95,-1.95
42,15,car,62,1,27.93,25.91,47.95,14.05
42,1,car,67,-1,72.33,12.12,47.95,19.05
42,20,truck,37,-1,0.23,2.22,47.95,-10.95
42,42,truck,0,0,0.59,1.17,47.95,0.0
42,11,bus,73,2,0.59,5.5,47.95,25.05
42,14,truck,14,1,23.91,0.0,47.95,-33.95
42,44,truck,0,0.0,0.23,0.0,47.95,0.0
42,13,car,52,1,31.82,28.85,47.95,4.05
42,17,car,2,0,23.91,0.0,47.95,-45.95
42,18,car,1,-1,31.58,78.94,47.95,-46.95
42,19,car,10,1,13.56,8.17,47.95,-37.95
42,39,car,13,-2,13.56,19.71,47.95,-34.95
43,32,car,105,-2,192.03,0.91,49.05,55.95
43,4,car,84,0,149.58,0.52,49.05,34.95
43,5,car,52,-1,135.46,23.91,49.05,2.95
43,31,bus,103,0,172.23,5.27,49.05,53.95
43,2,car,47,0,72.48,5.41,49.05,-2.05
43,6,car,50,0,79.35,8.39,49.05,0.95
43,42,truck,0,0,1.28,8.68,49.05,0.0
43,8,car,63,-1,28.42,45.29,49.05,13.95
43,10,car,51,-5,44.5,32.31,49.05,1.95
43,7,car,21,0,30.13,17.56,49.05,-28.05
43,15,car,61,-1,28.42,14.97,49.05,11.95
43,9,car,46,1,22.97,127.29,49.05,-3.05
43,16,car,46,0,22.97,31.14,49.05,-3.05
43,1,car,65,-2,72.48,22.58,49.05,15.95
43,20,truck,38,1,0.17,13.73,49.05,-11.05
43,14,truck,15,1,23.52,25.98,49.05,-34.05
43,45,car,0,0.0,43.99,0.0,49.05,0.0
43,44,truck,0,0.0,0.17,0.0,49.05,0.0
43,17,car,3,1,23.52,0.0,49.05,-46.05
43,13,car,48,-4,33.08,105.7,49.05,-1.05
43,18,car,1,0,31.46,34.99,49.05,-48.05
43,11,bus,73,0,1.28,16.34,49.05,23.95
43,19,car,9,-1,31.46,0.0,49.05,-40.05
44,32,car,104,-1,187.79,4.81,49.94,54.06
44,31,bus,102,-1,169.26,11.14,49.94,52.06
44,4,car,84,0,153.01,1.18,49.94,34.06
44,5,car,51,-1,135.48,1.29,49.94,1.06
44,2,car,47,0,70.84,37.26,49.94,-2.94
44,6,car,50,0,79.78,8.89,49.94,0.06
44,8,car,64,1,28.47,22.44,49.94,14.06
44,10,car,50,-1,44.95,7.82,49.94,0.06
44,1,car,66,1,70.84,5.55,49.94,16.06
44,7,car,21,0,30.02,3.09,49.94,-28.94
44,15,car,64,3,28.47,5.55,49.94,14.06
44,9,car,45,-1,22.96,44.98,49.94,-4.94
44,16,car,46,0,22.96,0.75,49.94,-3.94
44,20,truck,37,-1,0.14,11.84,49.94,-12.94
44,14,truck,15,0,23.81,0.0,49.94,-34.94
44,45,car,0,0.0,44.18,0.0,49.94,0.0
44,13,car,48,0,33.39,25.47,49.94,-1.94
44,44,truck,0,0,0.14,9.94,49.94,0.0
44,17,car,4,1,23.81,66.96,49.94,-45.94
44,18,car,1,0,44.87,0.0,49.94,-48.94
45,32,car,102,-2,185.21,12.91,50.94,51.06
45,31,bus,100,-2,166.56,0.61,50.94,49.06
45,4,car,84,0,157.44,2.23,50.94,33.06
45,5,car,51,0,133.62,10.35,50.94,0.06
45,2,car,47,0,70.94,45.37,50.94,-3.94
45,10,car,50,0,46.47,7.67,50.94,-0.94
45,6,car,50,0,79.77,5.1,50.94,-0.94
45,8,car,63,-1,30.41,22.71,50.94,12.06
45,1,car,66,0,70.94,0.57,50.94,15.06
45,7,car,21,0,29.77,5.06,50.94,-29.94
45,15,car,56,-8,30.41,130.35,50.94,5.06
45,9,car,45,0,24.06,44.35,50.94,-5.94
45,16,car,40,-6,24.06,2.41,50.94,-10.94
45,11,bus,75,2,415.99,12.12,50.94,24.06
45,14,truck,14,-1,24.14,0.0,50.94,-36.94
45,45,car,0,0,43.88,35.63,50.94,0.0
45,17,car,4,0,24.14,29.13,50.94,-46.94
45,13,car,47,-1,33.56,50.76,50.94,-3.94
45,18,car,2,1,44.6,0.0,50.94,-48.94
46,32,car,102,0,183.1,17.51,53.28,48.72
46,31,bus,100,0,162.51,3.23,53.28,46.72
46,4,car,83,-1,161.99,8.47,53.28,29.72
46,5,car,51,0,132.12,0.33,53.28,-2.28
46,2,car,46,-1,70.2,21.08,53.28,-7.28
46,6,car,50,0,79.33,5.63,53.28,-3.28
46,1,car,65,-1,70.2,7.84,53.28,11.72
46,10,car,51,1,45.46,18.11,53.28,-2.28
46,8,car,63,0,30.91,1.95,53.28,9.72
46,7,car,21,0,29.61,20.04,53.28,-32.28
46,9,car,48,3,23.95,72.69,53.28,-5.28
46,11,bus,74,-1,422.34,14.54,53.28,20.72
46,20,truck,40,3,36.01,19.96,53.28,-13.28
46,15,car,57,1,30.91,98.51,53.28,3.72
46,16,car,40,0,23.95,13.29,53.28,-13.28
46,14,truck,14,0,23.96,135.32,53.28,-39.28
46,13,car,50,3,35.88,47.81,53.28,-3.28
46,45,car,0,0,43.58,1.31,53.28,0.0
46,17,car,4,0,23.96,0.0,53.28,-49.28
47,32,car,100,-2,176.84,9.04,50.21,49.79
47,4,car,86,3,166.76,5.94,50.21,35.79
47,5,car,50,-1,130.76,7.25,50.21,-0.21
47,2,car,45,-1,69.82,12.08,50.21,-5.21
47,31,bus,98,-2,158.95,4.96,50.21,47.79
47,6,car,49,-1,80.2,11.09,50.21,-1.21
47,8,car,60,-3,31.14,7.68,50.21,9.79
47,7,car,21,0,29.53,0.98,50.21,-29.21
47,20,truck,40,0,34.89,2.01,50.21,-10.21
47,9,car,49,1,23.51,27.81,50.21,-1.21
47,1,car,64,-1,69.82,0.33,50.21,13.79
47,15,car,54,-3,31.14,5.22,50.21,3.79
47,46,bus,0,0.0,3.69,0.0,50.21,0.0
47,16,car,40,0,23.51,2.76,50.21,-10.21
47,10,car,54,3,46.49,22.34,50.21,3.79
47,14,truck,15,1,23.92,102.65,50.21,-35.21
47,11,bus,77,3,3.69,28.75,50.21,26.79
47,13,car,43,-7,34.89,122.51,50.21,-7.21
47,17,car,6,2,23.92,0.0,50.21,-44.21
47,45,car,0,0,43.28,1.94,50.21,0.0
47,18,car,3,1,44.12,0.0,50.21,-47.21
48,32,car,100,0,170.91,2.42,50.0,50.0
48,4,car,86,0,171.02,0.63,50.0,36.0
48,5,car,51,1,129.69,7.62,50.0,1.0
48,2,car,46,1,69.97,14.04,50.0,-4.0
48,31,bus,98,0,154.53,5.88,50.0,48.0
48,6,car,47,-2,80.88,13.64,50.0,-3.0
48,10,car,50,-4,47.36,39.85,50.0,0.0
48,20,truck,39,-1,34.72,31.84,50.0,-11.0
48,8,car,59,-1,32.36,8.03,50.0,9.0
48,7,car,19,-2,29.68,160.65,50.0,-31.0
48,1,car,65,1,69.97,19.99,50.0,15.0
48,11,bus,74,-3,2.15,20.98,50.0,24.0
48,15,car,52,-2,32.36,17.67,50.0,2.0
48,9,car,50,1,23.25,2.33,50.0,0.0
48,16,car,42,2,23.25,26.63,50.0,-8.0
48,46,bus,0,0.0,2.15,0.0,50.0,0.0
48,14,truck,15,0,23.94,164.71,50.0,-35.0
48,13,car,45,2,34.72,9.66,50.0,-5.0
48,17,car,8,2,23.94,0.0,50.0,-42.0
48,45,car,0,0,43.73,52.58,50.0,0.0
48,18,car,4,1,44.62,20.83,50.0,-46.0
49,4,car,86,0,175.69,0.4,49.95,36.05
49,31,bus,97,-1,151.01,7.31,49.95,47.05
49,5,car,50,-1,128.77,3.21,49.95,0.05
49,2,car,45,-1,69.75,4.03,49.95,-4.95
49,32,car,99,-1,162.53,3.63,49.95,49.05
49,10,car,50,0,47.82,36.09,49.95,0.05
49,6,car,47,0,81.5,8.28,49.95,-2.95
49,20,truck,38,-1,34.75,12.96,49.95,-11.95
49,8,car,63,4,31.42,16.74,49.95,13.05
49,7,car,19,0,29.45,131.37,49.95,-30.95
49,1,car,64,-1,69.75,10.85,49.95,14.05
49,11,bus,74,0,0.81,45.67,49.95,24.05
49,9,car,49,-1,23.05,8.03,49.95,-0.95
49,15,car,56,4,31.42,5.89,49.95,6.05
49,16,car,40,-2,23.05,26.14,49.95,-9.95
49,13,car,46,1,34.51,98.3,49.95,-3.95
49,14,truck,15,0,24.14,17.76,49.95,-34.95
49,17,car,7,-1,24.14,21.07,49.95,-42.95
49,46,bus,0,0,0.81,4.28,49.95,0.0
49,45,car,0,0,44.53,112.57,49.95,0.0
49,18,car,4,0,44.67,15.21,49.95,-45.95
50,32,car,96,-3,158.72,21.84,51.67,44.33
50,4,car,87,1,180.63,1.49,51.67,35.33
50,5,car,49,-1,127.87,2.28,51.67,-2.67
50,10,car,49,-1,48.19,40.71,51.67,-2.67
50,2,car,46,1,69.2,11.81,51.67,-5.67
50,6,car,45,-2,82.13,4.43,51.67,-6.67
50,20,truck,37,-1,34.9,11.7,51.67,-14.67
50,31,bus,95,-2,147.68,17.93,51.67,43.33
50,8,car,64,1,32.07,10.39,51.67,12.33
50,7,car,18,-1,29.24,68.43,51.67,-33.67
50,11,bus,74,0,1.53,21.73,51.67,22.33
50,15,car,54,-2,32.07,28.8,51.67,2.33
50,1,car,63,-1,69.2,14.78,51.67,11.33
50,9,car,48,-1,23.44,36.66,51.67,-3.67
50,16,car,39,-1,23.44,31.58,51.67,-12.67
50,13,car,43,-3,34.24,6.91,51.67,-8.67
50,46,bus,0,0,1.53,19.51,51.67,0.0
50,17,car,8,1,24.25,44.86,51.67,-43.67
50,45,car,0,0,45.77,7.38,51.67,0.0
50,14,truck,15,0,24.25,3.18,51.67,-36.67
51,32,car,96,0,153.78,15.72,54.71,41.29
51,31,bus,95,0,142.85,24.97,54.71,40.29
51,4,car,88,1,186.4,4.57,54.71,33.29
51,6,car,46,1,82.95,8.31,54.71,-8.71
51,5,car,48,-1,126.35,0.38,54.71,-6.71
51,2,car,46,0,68.32,20.39,54.71,-8.71
51,10,car,52,3,46.98,38.1,54.71,-2.71
51,8,car,64,0,32.66,22.37,54.71,9.29
51,20,truck,36,-1,35.06,57.72,54.71,-18.71
51,7,car,18,0,29.08,18.17,54.71,-36.71
51,11,bus,74,0,0.39,12.19,54.71,19.29
51,9,car,45,-3,23.18,36.23,54.71,-9.71
51,1,car,62,-1,68.32,8.08,54.71,7.29
51,16,car,44,5,23.18,34.23,54.71,-10.71
51,15,car,61,7,32.66,81.9,54.71,6.29
51,47,car,0,0.0,1.8,0.0,54.71,0.0
51,13,car,48,5,1.8,32.92,54.71,-6.71
51,17,car,7,-1,29.08,0.0,54.71,-47.71
51,46,bus,0,0,0.39,32.73,54.71,0.0
51,45,car,0,0,46.17,103.88,54.71,0.0
52,32,car,95,-1,148.47,14.81,51.39,43.61
52,31,bus,93,-2,139.41,22.58,51.39,41.61
52,4,car,87,-1,191.09,1.08,51.39,35.61
52,6,car,48,2,82.97,6.94,51.39,-3.39
52,5,car,48,0,126.2,0.67,51.39,-3.39
52,11,bus,74,0,425.48,4.71,51.39,22.61
52,10,car,51,-1,48.33,35.1,51.39,-0.39
52,2,car,44,-2,66.86,15.08,51.39,-7.39
52,8,car,64,0,34.41,7.98,51.39,12.61
52,7,car,17,-1,29.02,6.09,51.39,-34.39
52,20,truck,35,-1,34.85,46.45,51.39,-16.39
52,9,car,43,-2,23.2,21.98,51.39,-8.39
52,1,car,62,0,66.86,19.41,51.39,10.61
52,15,car,56,-5,34.41,169.56,51.39,4.61
52,16,car,44,0,23.2,4.6,51.39,-7.39
52,47,car,0,0.0,0.93,0.0,51.39,0.0
52,17,car,7,0,29.02,0.0,51.39,-44.39
52,13,car,50,2,0.93,42.89,51.39,-1.39
52,49,car,0,0.0,8.4,0.0,51.39,0.0
52,45,car,0,0,8.4,97.12,51.39,0.0
52,18,car,7,3,44.61,28.46,51.39,-44.39
53,32,car,94,-1,143.97,21.53,52.41,41.59
53,4,car,87,0,196.15,8.55,52.41,34.59
53,5,car,48,0,124.53,4.78,52.41,-4.41
53,31,bus,91,-2,136.33,7.03,52.41,38.59
53,6,car,45,-3,81.96,8.97,52.41,-7.41
53,2,car,43,-1,67.39,51.12,52.41,-9.41
53,10,car,51,0,59.26,8.12,52.41,-1.41
53,11,bus,78,4,423.67,7.91,52.41,25.59
53,8,car,63,-1,33.41,1.27,52.41,10.59
53,7,car,16,-1,28.95,16.26,52.41,-36.41
53,20,truck,37,2,40.35,27.93,52.41,-15.41
53,9,car,45,2,23.25,46.01,52.41,-7.41
53,1,car,61,-1,67.39,7.16,52.41,8.59
53,16,car,46,2,23.25,20.24,52.41,-6.41
53,49,car,0,0.0,38.34,0.0,52.41,0.0
53,17,car,6,-1,24.14,0.0,52.41,-46.41
53,14,truck,15,0,24.14,7.43,52.41,-37.41
53,15,car,65,9,33.41,136.02,52.41,12.59
54,32,car,92,-2,139.63,3.8,49.63,42.37
54,4,car,88,1,202.12,14.41,49.63,38.37
54,11,bus,76,-2,423.59,57.09,49.63,26.37
54,31,bus,91,0,133.42,8.93,49.63,41.37
54,5,car,47,-1,124.1,8.91,49.63,-2.63
54,8,car,64,1,33.13,26.72,49.63,14.37
54,10,car,53,2,50.75,14.8,49.63,3.37
54,2,car,44,1,67.15,20.29,49.63,-5.63
54,6,car,46,1,82.97,22.33,49.63,-3.63
54,7,car,16,0,28.37,20.25,49.63,-33.63
54,20,truck,36,-1,0.78,41.32,49.63,-13.63
54,13,car,47,-3,33.63,63.4,49.63,-2.63
54,9,car,44,-1,22.94,75.26,49.63,-5.63
54,16,car,46,0,22.94,9.36,49.63,-3.63
54,49,car,0,0,37.79,12.21,49.63,0.0
54,14,truck,15,0,23.98,107.87,49.63,-34.63
54,17,car,6,0,23.98,0.0,49.63,-43.63
54,15,car,63,-2,33.13,61.14,49.63,13.37
54,50,truck,0,0.0,0.78,0.0,49.63,0.0
54,1,car,60,-1,67.15,8.36,49.63,10.37
54,18,car,9,2,43.82,2.57,49.63,-40.63
55,4,car,88,0,208.15,8.97,49.63,38.37
55,32,car,91,-1,135.89,6.79,49.63,41.37
55,31,bus,90,-1,130.17,6.06,49.63,40.37
55,5,car,46,-1,122.32,14.91,49.63,-3.63
55,6,car,46,0,82.99,1.28,49.63,-3.63
55,2,car,44,0,66.12,17.21,49.63,-5.63
55,1,car,60,0,66.12,9.36,49.63,10.37
55,10,car,57,4,51.81,3.86,49.63,7.37
55,11,bus,78,2,421.77,53.58,49.63,28.37
55,8,car,62,-2,34.11,1.11,49.63,12.37
55,7,car,16,0,27.61,13.95,49.63,-33.63
55,20,truck,38,2,0.61,20.63,49.63,-11.63
55,13,car,46,-1,0.74,76.74,49.63,-3.63
55,16,car,43,-3,23.23,0.0,49.63,-6.63
55,49,car,0,0,37.75,34.02,49.63,0.0
55,14,truck,16,1,24.18,16.09,49.63,-33.63
55,9,car,43,-1,23.23,44.16,49.63,-6.63
55,15,car,62,-1,34.11,4.05,49.63,12.37
55,17,car,6,0,24.18,15.09,49.63,-43.63
55,50,truck,0,0.0,0.61,0.0,49.63,0.0
55,51,car,0,0.0,0.74,0.0,49.63,0.0
55,18,car,11,2,43.59,4.13,49.63,-38.63
56,32,car,90,-1,131.74,5.51,50.44,39.56
56,4,car,89,1,214.51,1.77,50.44,38.56
56,5,car,47,1,121.33,21.5,50.44,-3.44
56,1,car,60,0,65.64,16.83,50.44,9.56
56,6,car,47,1,82.91,30.88,50.44,-3.44
56,2,car,43,-1,65.64,3.8,50.44,-7.44
56,31,bus,89,-1,126.51,1.57,50.44,38.56
56,10,car,57,0,60.96,21.04,50.44,6.56
56,8,car,64,2,34.19,32.51,50.44,13.56
56,7,car,18,2,26.62,38.78,50.44,-32.44
56,11,bus,79,1,422.0,5.58,50.44,28.56
56,50,truck,0,0,0.72,15.52,50.44,0.0
56,14,truck,16,0,24.38,20.72,50.44,-34.44
56,49,car,0,0,37.59,13.51,50.44,0.0
56,20,truck,47,9,0.72,33.91,50.44,-3.44
56,15,car,61,-1,34.19,26.72,50.44,10.56
56,16,car,41,-2,23.17,0.0,50.44,-9.44
56,17,car,6,0,24.38,8.42,50.44,-44.44
56,9,car,43,0,23.17,56.41,50.44,-7.44
56,18,car,11,0,42.92,0.0,50.44,-39.44
57,4,car,89,0,220.95,7.86,49.95,39.05
57,32,car,90,0,127.45,5.42,49.95,40.05
57,5,car,46,-1,120.76,19.35,49.95,-3.95
57,6,car,47,0,83.39,49.07,49.95,-2.95
57,10,car,53,-4,54.11,6.08,49.95,3.05
57,2,car,42,-1,64.91,7.22,49.95,-7.95
57,31,bus,88,-1,123.17,28.28,49.95,38.05
57,8,car,67,3,34.29,4.75,49.95,17.05
57,11,bus,83,4,422.22,6.17,49.95,33.05
57,7,car,19,1,25.66,1.2,49.95,-30.95
57,1,car,59,-1,64.91,12.47,49.95,9.05
57,13,car,47,1,33.73,10.8,49.95,-2.95
57,20,truck,38,-9,1.89,26.62,49.95,-11.95
57,14,truck,17,1,24.89,51.17,49.95,-32.95
57,49,car,0,0,37.99,124.93,49.95,0.0
57,16,car,40,-1,23.12,5.41,49.95,-9.95
57,17,car,7,1,24.89,7.46,49.95,-42.95
57,50,truck,0,0,1.89,43.71,49.95,0.0
57,9,car,42,-1,23.12,5.11,49.95,-7.95
57,15,car,63,2,34.29,13.37,49.95,13.05
57,18,car,12,1,42.84,0.0,49.95,-37.95
58,4,car,90,1,227.02,11.37,49.11,40.89
58,32,car,89,-1,123.82,7.85,49.11,39.89
58,31,bus,88,0,120.45,12.27,49.11,38.89
58,5,car,47,1,119.55,18.61,49.11,-2.11
58,6,car,46,-1,84.1,15.74,49.11,-3.11
58,2,car,42,0,64.7,11.17,49.11,-7.11
58,1,car,59,0,64.7,4.37,49.11,9.89
58,10,car,52,-1,53.48,17.86,49.11,2.89
58,8,car,67,0,34.96,8.46,49.11,17.89
58,11,bus,80,-3,420.3,45.16,49.11,30.89
58,7,car,19,0,25.04,0.0,49.11,-30.11
58,20,truck,30,-8,3.62,44.18,49.11,-19.11
58,13,car,48,1,33.63,12.89,49.11,-1.11
58,15,car,58,-5,34.96,46.83,49.11,8.89
58,49,car,0,0,38.06,101.47,49.11,0.0
58,16,car,39,-1,23.72,63.68,49.11,-10.11
58,17,car,7,0,25.01,0.68,49.11,-42.11
58,14,truck,17,0,25.01,71.51,49.11,-32.11
58,9,car,41,-1,23.72,0.33,49.11,-8.11
58,18,car,14,2,42.88,27.74,49.11,-35.11
58,50,truck,0,0,3.62,5.71,49.11,0.0
